"time","aqa_explora_1.mean_pm25","aqa_explora_2.mean_pm25","aqa_explora_3.mean_pm25","sta_siata.mean_pm25"
"2019-10-17T15:00:00.000Z","10.263157894736842","6.62962962962963","9.435897435897436",
"2019-10-17T16:00:00.000Z","9.722727272727273","8.942268041237114","9.37872340425532",
"2019-10-17T17:00:00.000Z","13.998737373737374","13.8","13.694087403598973",
"2019-10-17T18:00:00.000Z","20.435544430538172","19.158831003811944","19.3984375",
"2019-10-17T19:00:00.000Z","8.586206896551724","7.866952789699571","8.364942528735632",
"2019-10-17T20:00:00.000Z","5.530748663101604","4.519463087248322","5.1104651162790695",
"2019-10-17T21:00:00.000Z","8.507751937984496","7.362113402061856","8.066489361702128",
"2019-10-17T22:00:00.000Z","10.68298653610771","9.236470588235294","10.317518248175183",
"2019-10-17T23:00:00.000Z","14.89816933638444","13.040178571428571","14.929411764705883",
"2019-10-18T00:00:00.000Z","18.948608137044967","16.23160173160173","18.494880546075084",
"2019-10-18T01:00:00.000Z","19.11425339366516","16.356673960612692","18.98179749715586",
"2019-10-18T02:00:00.000Z","14.408117249154452","12.425863991081382","14.109852774631937",
"2019-10-18T03:00:00.000Z","15.578299776286354","13.379310344827585","15.024498886414253",
"2019-10-18T04:00:00.000Z","13.085011185682326","11.188976377952756","12.860950173812283",
"2019-10-18T05:00:00.000Z","10.271750805585391","8.80608793686584","10.087962962962964",
"2019-10-18T06:00:00.000Z","13.95397008055236","11.794050343249427","13.307424593967518",
"2019-10-18T07:00:00.000Z","7.9059929494712105","6.913636363636364","7.55607476635514",
"2019-10-18T08:00:00.000Z","8.225225225225225","7.047563805104408","7.80365296803653",
"2019-10-18T09:00:00.000Z","11.225589225589225","9.543799772468715","10.431192660550458",
"2019-10-18T10:00:00.000Z","16.632468996617813","14.26923076923077","16.13663133097762",
"2019-10-18T11:00:00.000Z","22.73165137614679","19.61222091656874","21.926289926289925",
"2019-10-18T12:00:00.000Z","26.576779026217228","23.497530864197532","24.47179487179487",
"2019-10-18T13:00:00.000Z","20.161194029850748","18.371223021582733","18.820668693009118",
"2019-10-18T14:00:00.000Z","12.363984674329503","10.773182957393484","11.295880149812733",
"2019-10-18T15:00:00.000Z","7.532019704433497","6.461822660098522","6.946496815286624",
"2019-10-18T16:00:00.000Z","6.277777777777778","5.251580278128951","5.765319426336376",
"2019-10-18T17:00:00.000Z","9.311475409836065","8.280898876404494","8.974462365591398",
"2019-10-18T18:00:00.000Z","17.1725","15.419847328244275","16.330677290836654",
"2019-10-18T19:00:00.000Z","11.606815203145478","10.118471337579617","10.412140575079873",
"2019-10-18T20:00:00.000Z","19.885714285714286","17.02463768115942","18.800595238095237",
"2019-10-18T21:00:00.000Z","19.524300441826217","17.190611664295876","19.004379562043795",
"2019-10-18T22:00:00.000Z","10.210249671484888","9.140077821011673","9.66931216931217",
"2019-10-18T23:00:00.000Z","16.46868008948546","13.91108545034642","15.802850356294536",
"2019-10-19T00:00:00.000Z","12.917714285714286","11.129651860744298","12.468339307048984",
"2019-10-19T01:00:00.000Z","19.268595041322314","16.778900112233444","18.945652173913043","15.099"
"2019-10-19T02:00:00.000Z","14.132052821128452","12.41725768321513","13.405063291139241","15.1009"
"2019-10-19T03:00:00.000Z","11.32474804031355","9.814234016887816","10.848729792147806","13.9591"
"2019-10-19T04:00:00.000Z","14.683578104138851","12.807930607187112","14.155828220858895","18.613"
"2019-10-19T05:00:00.000Z","19.071258907363422","16.276869158878505","18.20076726342711","11.6366"
"2019-10-19T06:00:00.000Z","17.730215827338128","14.549685534591195","16.474642392717815","15.1045"
"2019-10-19T07:00:00.000Z","17.651960784313726","14.82875","16.858227848101265","16.2851"
"2019-10-19T08:00:00.000Z","22.57822277847309","18.846774193548388","21.293125810635537","25.6566"
"2019-10-19T09:00:00.000Z","12.317191283292978","10.346733668341708","11.739463601532567","18.7309"
"2019-10-19T10:00:00.000Z","11.811032863849766","9.958384332925336","11.256658595641646","9.46417"
"2019-10-19T11:00:00.000Z","16.468926553672315","13.989143546441495","15.563791008505468","14.2609"
"2019-10-19T12:00:00.000Z","28.377182770663563","25.25921521997622","27.18062200956938","11.972"
"2019-10-19T13:00:00.000Z","17.881009615384617","15.812872467222885","15.669642857142858","11.9407"
"2019-10-19T14:00:00.000Z","6.178743961352657","5.384519350811486","5.65495608531995","8.34754"
"2019-10-19T15:00:00.000Z","9.498637602179837","8.427318295739349","8.900878293601004","8.40315"
"2019-10-19T16:00:00.000Z","5.675465838509317","4.975124378109452","5.23943661971831","9.5459"
"2019-10-19T17:00:00.000Z","6.812206572769953","5.66866028708134","6.286072772898369","15.3376"
"2019-10-19T18:00:00.000Z","6.57703081232493","5.579872204472843","6.257941550190597","4.66164"
"2019-10-19T19:00:00.000Z","4.1875","3.5294906166219837","3.758269720101781","9.30559"
"2019-10-19T20:00:00.000Z","4.844615384615385","4.212319790301442","4.685939553219448","20.9429"
"2019-10-19T21:00:00.000Z","8.528571428571428","7.316686967113276","7.684146341463415","19.7682"
"2019-10-19T22:00:00.000Z","9.463499420625725","7.827944572748268","9.002285714285714","17.4602"
"2019-10-19T23:00:00.000Z","10.104918032786886","8.625429553264604","9.548131370328425","16.295"
"2019-10-20T00:00:00.000Z","17.115812917594656","14.574686431014824","16.093023255813954","13.9661"
"2019-10-20T01:00:00.000Z","19.367816091954023","16.1991199119912","18.464044943820223","16.3012"
"2019-10-20T02:00:00.000Z","20.71786492374728","17.676023391812866","19.531395348837208","16.2983"
"2019-10-20T03:00:00.000Z","14.41843220338983","12.540242557883131","13.635524798154556","18.6409"
"2019-10-20T04:00:00.000Z","16.0785536159601","13.739182692307692","15.09181141439206","17.4606"
"2019-10-20T05:00:00.000Z","17.563451776649746","14.865954922894424","16.789473684210527","10.4767"
"2019-10-20T06:00:00.000Z","17.991048593350385","14.632603406326034","16.94355828220859","6.96881"
"2019-10-20T07:00:00.000Z","22.099722991689752","18.668742216687424","20.974514563106798","8.14963"
"2019-10-20T08:00:00.000Z","20.770725388601036","17.544887780548628","19.611825192802055","17.5137"
"2019-10-20T09:00:00.000Z","8.916208791208792","7.612903225806452","8.246575342465754","7.04655"
"2019-10-20T10:00:00.000Z","11.070998796630565","9.391459074733095","10.4","9.45064"
"2019-10-20T11:00:00.000Z","17.462053571428573","15.82394366197183","16.716748768472907","3.55474"
"2019-10-20T12:00:00.000Z","17.139867841409693","14.963615023474178","15.710093896713616","8.36906"
"2019-10-20T13:00:00.000Z","10.129251700680273","9.012672811059907","9.257037943696451","9.59935"
"2019-10-20T14:00:00.000Z","10.28811369509044","9.097334878331402","9.217081850533807","4.81133"
"2019-10-20T15:00:00.000Z","8.37299771167048","7.2276519666269365","7.588456712672522","8.44514"
"2019-10-20T16:00:00.000Z","6.765384615384615","5.953216374269005","6.297136038186157","3.60308"
"2019-10-20T17:00:00.000Z","3.5332278481012658","2.982456140350877","3.3032104637336506","3.59081"
"2019-10-20T18:00:00.000Z","2.3247232472324724","1.9493029150823828","2.058139534883721","4.75504"
"2019-10-20T19:00:00.000Z","2.63922942206655","2.238213399503722","2.468513853904282","5.9168"
"2019-10-20T20:00:00.000Z","2.2800718132854576","1.9974747474747474","2.066437571592211","8.2578"
"2019-10-20T21:00:00.000Z","2.774793388429752","2.3707006369426753","2.468599033816425","8.23274"
"2019-10-20T22:00:00.000Z","3.7748538011695905","3.155844155844156","3.3037214885954382","5.87433"
"2019-10-20T23:00:00.000Z","4.773493975903614","4.342675159235669","4.3341493268053854","12.9053"
"2019-10-21T00:00:00.000Z","6.176165803108808","5.515477792732167","5.76448362720403","0"
"2019-10-21T01:00:00.000Z","6.868520859671302","6.176178660049628","6.350728155339806","5.85608"
"2019-10-21T02:00:00.000Z","7.605747126436782","6.7646383467278985","7.4080100125156445","5.84945"
"2019-10-21T03:00:00.000Z","12.99847792998478","12.026497695852534","12.514188422247447","4.67922"
"2019-10-21T04:00:00.000Z","3.719188767550702","3.2583892617449663","3.31377245508982","9.34376"
"2019-10-21T05:00:00.000Z","2.024804177545692","1.8356973995271868","1.6951364175563464","9.33426"
"2019-10-21T06:00:00.000Z","4.78051391862955","4.4300341296928325","4.533714285714286","12.8012"
"2019-10-21T07:00:00.000Z","8.546728971962617","7.37409200968523","8.19369894982497","29.0935"
"2019-10-21T08:00:00.000Z","10.652058432934927","9.39015606242497","9.874221668742218","30.3374"
"2019-10-21T09:00:00.000Z","10.69047619047619","9.780580075662042","10.620733249051833","8.2342"
"2019-10-21T10:00:00.000Z","16.922857142857143","15.170109356014581","16.362301101591186","11.795"
"2019-10-21T11:00:00.000Z","28.676470588235293","25.424170616113745","27.825322391559205","7.10089"
"2019-10-21T12:00:00.000Z","36.02578018995929","32.078680203045685","34.22503160556258","9.58878"
"2019-10-21T13:00:00.000Z","11.141399416909621","9.879788639365918","9.96103896103896","17.9871"
"2019-10-21T14:00:00.000Z","13.602763385146805","12.738796414852754","13.326848249027238","22.3768"
"2019-10-21T15:00:00.000Z","5.763271162123386","5.3425","5.548015364916774","7.01742"
"2019-10-21T16:00:00.000Z","7.0997506234413965","6.267220902612826","6.463054187192118","15.2074"
"2019-10-21T17:00:00.000Z","12.443141852286049","11.099435028248587","11.792978208232446","14.0485"
"2019-10-21T18:00:00.000Z","26.877403846153847","25.65410199556541","27.256440281030446","21.048"
"2019-10-21T19:00:00.000Z","7.832949308755761","7.058558558558558","7.448435689455388","25.6851"
"2019-10-21T20:00:00.000Z","18.253748558246826","15.711843711843711","16.771098265895954","36.1523"
"2019-10-21T21:00:00.000Z","20.404819277108434","18.207434052757794","19.28772378516624","29.1155"
"2019-10-21T22:00:00.000Z","23.311990686845167","19.9093107617896","21.718397997496872","27.9078"
"2019-10-21T23:00:00.000Z","26.415286624203823","23.326876513317192","25.180306905370845","24.3872"
"2019-10-22T00:00:00.000Z","34","30.16871921182266","33.47945205479452","15.0906"
"2019-10-22T01:00:00.000Z","29.676848874598072","26.133410672853827","28.986232790988737","18.5627"
"2019-10-22T02:00:00.000Z","30.006720430107528","26.228742514970058","28.59299191374663","17.4163"
"2019-10-22T03:00:00.000Z","30.340301974448316","27.189031505250874","28.940533980582526","8.12254"
"2019-10-22T04:00:00.000Z","26.696566998892582","24.09025270758123","25.053927315357562","11.6038"
"2019-10-22T05:00:00.000Z","25.745142857142856","23.319951338199512","24.2760736196319","11.5912"
"2019-10-22T06:00:00.000Z","25.393827160493828","22.896507115135833","24.388157894736842","27.7457"
"2019-10-22T07:00:00.000Z","14.933920704845814","12.90962441314554","13.82175925925926","34.6781"
"2019-10-22T08:00:00.000Z","16.580071174377224","14.77139208173691","15.179028132992327","29.0789"
"2019-10-22T09:00:00.000Z","15.223776223776223","13.659846547314578","13.975609756097562","42.1986"
"2019-10-22T10:00:00.000Z","28.870495495495497","25.624849215922797","27.993514915693904","21.2779"
"2019-10-22T11:00:00.000Z","35.804038004750595","31.811976047904192","34.417073170731705","23.8755"
"2019-10-22T12:00:00.000Z","39.623931623931625","34.056042031523646","36.65960264900662","19.248"
"2019-10-22T13:00:00.000Z","60.94166666666667","55.524064171122994","55.98041958041958","28.7676"
"2019-10-22T14:00:00.000Z","31.90038314176245","29.192660550458715","29.600255427841635","21.3712"
"2019-10-22T15:00:00.000Z","31.836408364083642","28.6332899869961","28.635770234986946","11.9297"
"2019-10-22T16:00:00.000Z","18.660645161290322","17.034615384615385","17.138562091503267","20.1899"
"2019-10-22T17:00:00.000Z","23.366711772665763","20.514550264550266","21.852522639068564","5.92284"
"2019-10-22T18:00:00.000Z","21.26463700234192","18.677459526774594","20.228606356968214","11.8121"
"2019-10-22T19:00:00.000Z","6.693506493506494","5.697604790419161","6.510718789407314","9.42373"
"2019-10-22T20:00:00.000Z","9.0025","7.829896907216495","8.372289156626506","10.5723"
"2019-10-22T21:00:00.000Z","6.721311475409836","5.795833333333333","6.332089552238806","8.20956"
"2019-10-22T22:00:00.000Z","6.9110764430577225","6.113253012048193","6.246706586826347","14.0623"
"2019-10-22T23:00:00.000Z","7.283950617283951","6.555555555555555","6.959544879898862","12.7943"
"2019-10-23T00:00:00.000Z","7.923497267759563","7.086633663366337","7.618004866180049","3.47809"
"2019-10-23T01:00:00.000Z","8.608899297423887","7.4376528117359415","7.744943820224719","5.79259"
"2019-10-23T02:00:00.000Z","8.943548387096774","7.750642673521851","8.1075","2.31776"
"2019-10-23T03:00:00.000Z","5.9724473257698545","4.870722433460076","5.26","1.15952"
"2019-10-23T04:00:00.000Z","7.819362455726092","6.613608748481166","7.354721549636804","2.31939"
"2019-10-23T05:00:00.000Z","5.808948004836759","5.006226650062266","5.583532219570405","1.15986"
"2019-10-23T06:00:00.000Z","4.81668625146886","4.012755102040816","4.381796690307328","5.79257"
"2019-10-23T07:00:00.000Z","3.7736777367773677","3.1944444444444446","3.382103990326481","10.4241"
"2019-10-23T08:00:00.000Z","5.048076923076923","4.476787954830614","4.828402366863905","11.5981"
"2019-10-23T09:00:00.000Z","7.353216374269006","6.35361216730038","6.692677070828331","11.6603"
"2019-10-23T10:00:00.000Z","6.473118279569892","5.881462799495586","6.472157772621809","17.5957"
"2019-10-23T11:00:00.000Z","9.335585585585585","8.143502824858757","8.908084163898117","8.29151"
"2019-10-23T12:00:00.000Z","12.558219178082192","10.910820451843044","11.689655172413794","19.1436"
"2019-10-23T13:00:00.000Z","14.305013927576601","12.645454545454545","13.523153942428035","9.64383"
"2019-10-23T14:00:00.000Z","24.842565597667637","22.3055900621118","22.2961104140527","10.8909"
"2019-10-23T15:00:00.000Z","20.890934844192635","18.67236842105263","19.061197916666668","7.27945"
"2019-10-23T16:00:00.000Z","25.37878787878788","23.74047619047619","23.912994350282485","13.2742"
"2019-10-23T17:00:00.000Z","8.180875576036867","7.586080586080586","7.964933494558646","4.78188"
"2019-10-23T18:00:00.000Z","7.205776173285199","6.462593516209476","7.077858880778589","22.3797"
"2019-10-23T19:00:00.000Z","6.889012208657047","6.157894736842105","6.677966101694915","8.1617"
"2019-10-23T20:00:00.000Z","4.776710684273709","4.173382173382174","4.669471153846154","14.006"
"2019-10-23T21:00:00.000Z","5.258600237247924","4.3108108108108105","4.46229913473424","17.5115"
"2019-10-23T22:00:00.000Z","9.197633136094675","7.76039119804401","8.484669811320755","23.3264"
"2019-10-23T23:00:00.000Z","12.835178351783517","11.065616797900262","11.954987834549879","24.4952"
"2019-10-24T00:00:00.000Z","17.509316770186334","15.290037831021438","16.43979057591623","21.0004"
"2019-10-24T01:00:00.000Z","21.6562123039807","19.091494845360824","20.692793931731984","5.82293"
"2019-10-24T02:00:00.000Z","24.75746714456392","21.955119214586254","23.812729498164014","3.48483"
"2019-10-24T03:00:00.000Z","25.64087061668682","22.51086956521739","24.656753407682775","2.32321"
"2019-10-24T04:00:00.000Z","18.312607944732296","16.823076923076922","17.74102564102564","5.80688"
"2019-10-24T05:00:00.000Z","5.03489932885906","4.250649350649351","4.48974358974359","8.12216"
"2019-10-24T06:00:00.000Z","9.660649819494585","8.953360768175584","9.00242718446602","4.63045"
"2019-10-24T07:00:00.000Z","8.075641025641026","7.139504563233377","7.574550128534704","10.416"
"2019-10-24T08:00:00.000Z","10.313451776649746","9.08953341740227","9.494492044063648","18.5656"
"2019-10-24T09:00:00.000Z","8.475703324808185","7.541772151898734","7.776960784313726","17.4402"
"2019-10-24T10:00:00.000Z","4.733333333333333","4.332089552238806","4.429611650485437","30.3621"
"2019-10-24T11:00:00.000Z","9.892543859649123","8.711187214611872","9.375964718853362","14.1194"
"2019-10-24T12:00:00.000Z","22.608988764044945","20.03344867358708","21.783813747228383","18.9756"
"2019-10-24T13:00:00.000Z","30.835839598997495","27.651898734177216","28.931645569620255","16.7547"
"2019-10-24T14:00:00.000Z","56.005665722379604","52.079194630872486","52.330708661417326","23.8717"
"2019-10-24T15:00:00.000Z","26.608009708737864","24.282296650717704","24.41627358490566","5.9207"
"2019-10-24T16:00:00.000Z","25.63157894736842","23.174957118353344","23.584938704028023","17.7655"
"2019-10-24T17:00:00.000Z","16.348314606741575","14.491525423728813","15.839285714285714","16.5651"
"2019-10-24T18:00:00.000Z","17.88888888888889","18.95744680851064","20.506944444444443","23.5848"
"2019-10-24T19:00:00.000Z","13.916666666666666","11.03831417624521","11.715139442231076","25.8866"
"2019-10-24T20:00:00.000Z","21.135287485907554","18.509708737864077","19.651497005988023","28.2038"
"2019-10-24T21:00:00.000Z","12.459148446490218","11.076555023923445","11.750588235294117","19.9012"
"2019-10-24T22:00:00.000Z","18.951005025125628","16.748427672955973","18.207908163265305","10.5141"
"2019-10-24T23:00:00.000Z","20.472727272727273","18.282920469361148","19.715384615384615","19.8382"
"2019-10-25T00:00:00.000Z","23.218274111675125","20.673151750972764","22.37627551020408","22.1725"
"2019-10-25T01:00:00.000Z","18.470731707317075","16.43451652386781","17.48034398034398","21.0043"
"2019-10-25T02:00:00.000Z","11.329987452948558","10.239852398523984","10.982210927573062","23.3643"
"2019-10-25T03:00:00.000Z","20.777633289986998","18.034229828850854","19.223350253807105","28.0207"
"2019-10-25T04:00:00.000Z","26.65724815724816","23.551425030978933","25.49618320610687","23.3419"
"2019-10-25T05:00:00.000Z","22.56151035322777","19.79330943847073","21.30826140567201","25.6773"
"2019-10-25T06:00:00.000Z","24.12257281553398","21.228930817610063","22.801007556675064","17.49"
"2019-10-25T07:00:00.000Z","26.44789081885856","23.660869565217393","25.559085133418044","22.1675"
"2019-10-25T08:00:00.000Z","22.633333333333333","19.640151515151516","21.155696202531647","21.051"
"2019-10-25T09:00:00.000Z","22.325688073394495","19.36881188118812","20.474452554744527","17.5999"
"2019-10-25T10:00:00.000Z","16.605600933488915","14.831566548881037","15.993968636911942","16.575"
"2019-10-25T11:00:00.000Z","23.154121863799283","20.486658195679798","21.87950310559006","8.35171"
"2019-10-25T12:00:00.000Z","28.067204301075268","24.82201086956522","25.833333333333332","14.3822"
"2019-10-25T13:00:00.000Z","24.772486772486772","22.504166666666666","22.74830852503383","8.38063"
"2019-10-25T14:00:00.000Z","19.471279373368148","17.902536715620826","17.733249051833123","26.1854"
"2019-10-25T15:00:00.000Z","12.163366336633663","11.046740467404675","11.087529976019185","11.7292"
"2019-10-25T16:00:00.000Z","9.791061452513967","9.08051341890315","9.30813953488372","28.2269"
"2019-10-25T17:00:00.000Z","11.894495412844037","10.44888366627497","10.738532110091743","38.8503"
"2019-10-25T18:00:00.000Z","16.456473214285715","14.61231884057971","15.317518248175183","37.699"
"2019-10-25T19:00:00.000Z","24.886727688787186","22.329397874852422","23.061480552070265","37.6494"
"2019-10-25T20:00:00.000Z","35.375","32.33293413173653","33.746251441753174","38.7845"
"2019-10-25T21:00:00.000Z","46.7737819025522","41.891857506361326","44.32566585956417","18.7771"
"2019-10-25T22:00:00.000Z","43.25591882750845","39.16136919315404","41.076470588235296","11.7297"
"2019-10-25T23:00:00.000Z","42.482638888888886","37.68427518427519","40.35220125786164","12.877"
"2019-10-26T00:00:00.000Z","41.98175598631699","37.59254807692308","39.716312056737586","4.67443"
"2019-10-26T01:00:00.000Z","22.574941451990632","20.344660194174757","21.115906288532674","6.98931"
"2019-10-26T02:00:00.000Z","17.667464114832537","15.893536121673003","16.68718592964824","4.64704"
"2019-10-26T03:00:00.000Z","20.15140415140415","17.88560411311054","19.130606860158313","6.96306"
"2019-10-26T04:00:00.000Z","11.581772784019975","10.0397946084724","10.416445623342176","10.4475"
"2019-10-26T05:00:00.000Z","4.755332496863237","4.273342354533153","4.373173970783532","9.28722"
"2019-10-26T06:00:00.000Z","4.021765417170496","3.4479025710419484","3.5762925598991173","6.95723"
"2019-10-26T07:00:00.000Z","6.981481481481482","6.338757396449704","6.606958762886598","12.7589"
"2019-10-26T08:00:00.000Z","9.592686002522068","8.484","9.03099730458221","19.8217"
"2019-10-26T09:00:00.000Z","7.242630385487528","6.174185463659148","6.6871165644171775","26.9754"
"2019-10-26T10:00:00.000Z","13.490690032858707","11.895417156286722","12.787842669845054","21.2269"
"2019-10-26T11:00:00.000Z","20.858866103739444","17.79824561403509","20.088541666666668","9.51683"
"2019-10-26T12:00:00.000Z","27.17625","24.504109589041096","26.03542234332425","13.2232"
"2019-10-26T13:00:00.000Z","38.52450980392157","34.21228304405874","36.11300919842313","12.0759"
"2019-10-26T14:00:00.000Z","24.86780905752754","22.620253164556964","24.051315789473684","7.26347"
"2019-10-26T15:00:00.000Z","9.703037120359955","8.51496259351621","9.098300970873787","14.5175"
"2019-10-26T16:00:00.000Z","8.819025522041763","8.389496717724288","8.39151515151515","8.45029"
"2019-10-26T17:00:00.000Z","6.644526445264453","5.925764192139738","6.461928934010152","18.0097"
"2019-10-26T18:00:00.000Z","3.925609756097561","3.41109709962169","3.759259259259259","13.133"
"2019-10-26T19:00:00.000Z","7.2041820418204185","6.108834827144686","6.506578947368421","5.92258"
"2019-10-26T20:00:00.000Z","8.386503067484663","7.746817538896747","7.771067415730337","4.71441"
"2019-10-26T21:00:00.000Z","12.083228247162673","11.428792569659443","11.429882044560944","10.5672"
"2019-10-26T22:00:00.000Z","7.318448883666275","6.514150943396227","6.861715749039693","15.2106"
"2019-10-26T23:00:00.000Z","3.651293588301462","3.282201405152225","3.3488372093023258","3.49715"
"2019-10-27T00:00:00.000Z","4.222614840989399","3.8534031413612566","3.8460575719649563","9.30118"
"2019-10-27T01:00:00.000Z","8.4","7.536269430051814","7.533159947984395","13.9752"
"2019-10-27T02:00:00.000Z","12.611041405269761","11.228533685601057","11.53116883116883","16.2654"
"2019-10-27T03:00:00.000Z","5.524940617577197","5.006527415143603","3.569620253164557","12.7681"
"2019-10-27T04:00:00.000Z","7.138613861386139","6.327455919395466",,"12.7692"
"2019-10-27T05:00:00.000Z","13.068883610451307","11.82256020278834",,"6.96318"
"2019-10-27T06:00:00.000Z","14.80047789725209","12.972440944881889",,"13.9175"
"2019-10-27T07:00:00.000Z","16.369928400954652","14.09367396593674",,"12.7571"
"2019-10-27T08:00:00.000Z","17.836930455635493","15.745740498034076",,"12.7713"
"2019-10-27T09:00:00.000Z","10.04733727810651","8.737662337662337",,"9.34085"
"2019-10-27T10:00:00.000Z","18.506833712984054","16.542435424354245",,"12.9399"
"2019-10-27T11:00:00.000Z","18.134361233480178","16.061997703788748",,"3.5618"
"2019-10-27T12:00:00.000Z","19.63526834611172","17.675203725261934",,"8.34994"
"2019-10-27T13:00:00.000Z","19.132408575031526","17.60529634300126",,"4.78849"
"2019-10-27T14:00:00.000Z","19.355781448538753","17.642857142857142",,"10.7966"
"2019-10-27T15:00:00.000Z","7.4581772784019975","6.338101430429129",,"-4999.5"
"2019-10-27T16:00:00.000Z","1.5419847328244274","1.417737789203085",,"9.59965"
"2019-10-27T17:00:00.000Z","2.6932515337423313","2.4046740467404675",,"2.39055"
"2019-10-27T18:00:00.000Z","3.0940721649484537","2.7121019108280255",,"5.95075"
"2019-10-27T19:00:00.000Z","2.6943127962085307","2.2978986402966624",,"1.18281"
"2019-10-27T20:00:00.000Z","2.402826855123675","2.104191616766467",,"3.53448"
"2019-10-27T21:00:00.000Z","2.7777777777777777","2.4137086903304774",,"4.69978"
"2019-10-27T22:00:00.000Z","3.0567536889897844","2.8094660194174756",,"5.86774"
"2019-10-27T23:00:00.000Z","2.837995337995338","2.3849878934624695",,"9.36642"
"2019-10-28T00:00:00.000Z","3.493006993006993","3.0513784461152884",,"10.5153"
"2019-10-28T01:00:00.000Z","3.567198177676538","3.312200956937799",,"8.16315"
"2019-10-28T02:00:00.000Z","4.441463414634146","3.923699421965318",,"9.32353"
"2019-10-28T03:00:00.000Z","8.616257088846881","8.214731585518102",,"5.82377"
"2019-10-28T04:00:00.000Z","11.84433962264151","10.711139896373057",,"8.14874"
"2019-10-28T05:00:00.000Z","13.020833333333334","11.810432569974555",,"11.645"
"2019-10-28T06:00:00.000Z","10.302139037433156","9.103947368421053",,"16.2703"
"2019-10-28T07:00:00.000Z","6.773584905660377","6.067602040816326",,"27.921"
"2019-10-28T08:00:00.000Z","8.118918918918919","7.385204081632653",,"32.7769"
"2019-10-28T09:00:00.000Z","8.70392749244713","7.875784190715182",,"22.3503"
"2019-10-28T10:00:00.000Z","18.828534031413614","16.343669250645995",,"15.4436"
"2019-10-28T11:00:00.000Z","32.151358344113845","28.894014962593516",,"21.631"
"2019-10-28T12:00:00.000Z","38.07850707850708","34.276510067114096",,"13.3231"
"2019-10-28T13:00:00.000Z","31.38179347826087","28.0139470013947",,"12.146"
"2019-10-28T14:00:00.000Z","21.70722433460076","19.484353741496598",,"13.3831"
"2019-10-28T15:00:00.000Z","22.227067669172932","19.120759837177747",,"16.9682"
"2019-10-28T16:00:00.000Z","8.972222222222221","7.994871794871795",,"9.66811"
"2019-10-28T17:00:00.000Z","6.4412238325281805","5.513176144244105",,"14.4055"
"2019-10-28T18:00:00.000Z","7.039249146757679","5.6770538243626065",,"15.5014"
"2019-10-28T19:00:00.000Z","10.176978417266188","8.747222222222222",,"13.0678"
"2019-10-28T20:00:00.000Z","8.535612535612536","7.528169014084507",,"24.8647"
"2019-10-28T21:00:00.000Z","8.339005235602095","7.413940256045519",,"15.3659"
"2019-10-28T22:00:00.000Z","8.724734042553191","7.744764397905759",,"11.8014"
"2019-10-28T23:00:00.000Z","10.333333333333334","9.29122340425532",,"8.23689"
"2019-10-29T00:00:00.000Z","16.733024691358025","14.587863463969658",,"5.87383"
"2019-10-29T01:00:00.000Z","13.811976047904192","12.444055944055943",,"8.19592"
"2019-10-29T02:00:00.000Z","11.419213973799126","10.570071258907364",,"3.50989"
"2019-10-29T03:00:00.000Z","13.334444444444445","11.927623642943304",,"11.691"
"2019-10-29T04:00:00.000Z","9.116939890710382","8.325766174801362",,"15.2067"
"2019-10-29T05:00:00.000Z","6.519230769230769","5.764434180138569",,"3.49328"
"2019-10-29T06:00:00.000Z","8.440736478711163","7.397420867526377",,"10.4664"
"2019-10-29T07:00:00.000Z","14.561598224195338","12.813872832369942",,"16.2632"
"2019-10-29T08:00:00.000Z","18.787015945330296","16.825730994152046",,"19.7572"
"2019-10-29T09:00:00.000Z","7.595860566448802","6.827338129496403",,"14.0267"
"2019-10-29T10:00:00.000Z","10.604395604395604","9.900120336943441",,"17.648"
"2019-10-29T11:00:00.000Z","15.594972067039107","13.884038199181447",,"15.4697"
"2019-10-29T12:00:00.000Z","22.967018469656992","20.828685258964143",,"15.5976"
"2019-10-29T13:00:00.000Z","16.86390532544379","15.579310344827586",,"14.4492"
"2019-10-29T14:00:00.000Z","22.73345259391771","21.72682119205298",,"7.25782"
"2019-10-29T15:00:00.000Z","21.572580645161292","17.43854748603352",,"3.64253"
"2019-10-29T16:00:00.000Z","12.563809523809525","11.085427135678392",,"12.1294"
"2019-10-29T17:00:00.000Z","13.375690607734807","12.131313131313131",,"-9999"
"2019-10-29T18:00:00.000Z","8.361853832442067","7.532833020637899","7.420047732696897","-9999"
"2019-10-29T19:00:00.000Z","6.924731182795699","5.523952095808383","5.7336309523809526","-9999"
"2019-10-29T20:00:00.000Z","3.9528688524590163","3.2958963282937366","3.587991718426501","-9999"
"2019-10-29T21:00:00.000Z","4.682119205298013","3.942122186495177","4.134003350083752","-9999"
"2019-10-29T22:00:00.000Z","7.627054361567636","6.41112618724559","6.616216216216216","-9999"
"2019-10-29T23:00:00.000Z","8.153164556962025","7.2148337595907925","7.413875598086125","-9999"
"2019-10-30T00:00:00.000Z","9.509592326139089","8.612945838837517","8.770573566084789","-9999"
"2019-10-30T01:00:00.000Z","9.279481132075471","8.574324324324325","8.584447144592952","-9999"
"2019-10-30T02:00:00.000Z","7.813895781637717","7.204234122042341","7.449766355140187","-9999"
"2019-10-30T03:00:00.000Z","6.721264367816092","5.9421487603305785","5.96135831381733","-9999"
"2019-10-30T04:00:00.000Z","6.061679790026247","5.318181818181818","5.467703349282297","-9999"
"2019-10-30T05:00:00.000Z","6.916481069042316","6.09297052154195","6.449048152295632","-9999"
"2019-10-30T06:00:00.000Z","9.311010215664018","8.287878787878787","8.931995540691194","-9999"
"2019-10-30T07:00:00.000Z","20.225879682179343","18.06341463414634","19.207943925233646","-9999"
"2019-10-30T08:00:00.000Z","28.092307692307692","24.612452350698856","26.57940446650124","-9999"
"2019-10-30T09:00:00.000Z","20.967706013363028","18.876168224299064","19.90972222222222","20.9758"
"2019-10-30T10:00:00.000Z","28.662412993039442","25.663426488456864","27.342995169082126","28.169"
"2019-10-30T11:00:00.000Z","22.848","21.579020979020978","21.896238651102465","-9999"
"2019-10-30T12:00:00.000Z","17.927448609431682","16.097323600973237","16.74871794871795","-9999"
"2019-10-30T13:00:00.000Z","35.61372299872935","33.08","33.11363636363637","-9999"
"2019-10-30T14:00:00.000Z","46.31542056074766","43.201324503311255","43.203821656050955","-9999"
"2019-10-30T15:00:00.000Z","18.734787600459242","16.731931668856767","16.731796116504853","-9999"
"2019-10-30T16:00:00.000Z","7.809069212410501","7.0852272727272725","7.297297297297297","-9999"
"2019-10-30T17:00:00.000Z","7.368171021377672","6.429166666666666","6.724137931034483","-9999"
"2019-10-30T18:00:00.000Z","4.280912364945978","4.0458167330677295","4.1421052631578945","-9999"
"2019-10-30T19:00:00.000Z","3.906801007556675","3.3269537480063796","3.6784776902887137","-9999"
"2019-10-30T20:00:00.000Z","4.391364902506964","3.871841155234657","4.0903328050713155","-9999"
"2019-10-30T21:00:00.000Z","6.245033112582782","5.6109375","5.9186046511627906","-9999"
"2019-10-30T22:00:00.000Z","5.706723891273247","5.17972972972973","5.501322751322752","-9999"
"2019-10-30T23:00:00.000Z","4.971394517282479","4.564476885644769","4.7299880525686975","-9999"
"2019-10-31T00:00:00.000Z","6.250559284116331","5.5686977299880525","5.82021151586369","-9999"
"2019-10-31T01:00:00.000Z","6.110964332892999","5.330390920554855","5.7440758293838865","-9999"
"2019-10-31T02:00:00.000Z","4.77007700770077","4.4080100125156445","4.584474885844749","-9999"
"2019-10-31T03:00:00.000Z","4.8636847710330136","4.340182648401827","4.422172452407615","-9999"
"2019-10-31T04:00:00.000Z","5.733408323959505","5.1589103291713965","5.3860252004581906","-9999"
"2019-10-31T05:00:00.000Z","11.296996662958843","10.040632054176072","10.661327231121282","-9999"
"2019-10-31T06:00:00.000Z","15.646673936750272","13.548571428571428","14.622685185185185","-9999"
"2019-10-31T07:00:00.000Z","18.317021276595746","16.121951219512194","17.33103448275862","-9999"
"2019-10-31T08:00:00.000Z","18.536026200873362","16.255621301775147","17.409038238702202","-9999"
"2019-10-31T09:00:00.000Z","10.222698072805139","8.978110599078342","9.40632318501171","-9999"
"2019-10-31T10:00:00.000Z","17.610132158590307","15.842558425584256","16.60377358490566","-9999"
"2019-10-31T11:00:00.000Z","19.864776444929117","17.984313725490196","19.01670644391408","-9999"
"2019-10-31T12:00:00.000Z","29.47449584816133","26.691612903225806","27.9052757793765","-9999"
"2019-10-31T13:00:00.000Z","40.948004836759374","37.774436090225564","38.34643734643735","-9999"
"2019-10-31T14:00:00.000Z","35.892682926829266","32.886393659180975","33.66501854140915","13.262"
"2019-10-31T15:00:00.000Z","16.549411764705884","14.703617269544925","15.677860696517413","16.8344"
"2019-10-31T16:00:00.000Z","9.565533980582524","8.48822800495663","9.038208168642951","22.916"
"2019-10-31T17:00:00.000Z","9.907635467980295","8.883578431372548","9.10958904109589","9.62671"
"2019-10-31T18:00:00.000Z","12.29757785467128","11.503521126760564","12.092993630573249","13.1483"
"2019-10-31T19:00:00.000Z","16.823191733639494","14.812142038946163","15.7409200968523","10.6751"
"2019-10-31T20:00:00.000Z","18.878634639696585","16.773560209424083","17.616847826086957","10.6286"
"2019-10-31T21:00:00.000Z","9.136969696969697","8.281400966183575","8.429512516469039","11.778"
"2019-10-31T22:00:00.000Z","8.199507389162562","7.298029556650246","7.486945169712794","3.52435"
"2019-10-31T23:00:00.000Z","9.201349831271092","8.141876430205949","8.24878640776699","9.38499"
"2019-11-01T00:00:00.000Z","10.474758324382385","9.708467309753484","9.820930232558139","14.0391"
"2019-11-01T01:00:00.000Z","12.294498381877023","11.006514657980455","11.379310344827585","9.3361"
"2019-11-01T02:00:00.000Z","12.133116883116884","10.964950711938664","11.32312925170068","9.32913"
"2019-11-01T03:00:00.000Z","12.784463894967177","11.592222222222222","11.763128491620112","11.6757"
"2019-11-01T04:00:00.000Z","15.124597207303974","13.681236673773988","14.372304199772985","10.4868"
"2019-11-01T05:00:00.000Z","12.974557522123893","11.703023758099352","12.294749403341289","15.1322"
"2019-11-01T06:00:00.000Z","10.310994764397906","9.332644628099173","9.727373068432671","20.9496"
"2019-11-01T07:00:00.000Z","12.777777777777779","11.617554858934168","12.054704595185996","24.4578"
"2019-11-01T08:00:00.000Z","12.628445424476295","11.167014613778706","11.768456375838927","28.0279"
"2019-11-01T09:00:00.000Z","16.030982905982906","14.364124597207304","15.303854875283447","27.0113"
"2019-11-01T10:00:00.000Z","21.268590455049946","19.220412595005428","20.007025761124122","10.6206"
"2019-11-01T11:00:00.000Z","27.295426452410382","24.521464646464647","26.02960102960103","14.2589"
"2019-11-01T12:00:00.000Z","28.993351063829788","26.604767879548305","28.04255319148936","26.2718"
"2019-11-01T13:00:00.000Z","35.027624309392266","32.48143053645117","33.01111111111111","13.2314"
"2019-11-01T14:00:00.000Z","19.565753424657533","17.642756680731363","18.376373626373628","16.8317"
"2019-11-01T15:00:00.000Z","21.861333333333334","20.216480446927374","20.900280898876403","13.2798"
"2019-11-01T16:00:00.000Z","34.50136612021858","31.28646517739816","31.848314606741575","13.2301"
"2019-11-01T17:00:00.000Z","10.183423913043478","9.292022792022792","9.656160458452723","12.8885"
"2019-11-01T18:00:00.000Z","16.82901554404145","15.529496402877697","16.128205128205128","19.8264"
"2019-11-01T19:00:00.000Z","9.869393139841689","8.846484935437589","9.203703703703704","11.6253"
"2019-11-01T20:00:00.000Z","11.596919127086007","10.234396671289876","10.826760563380281","32.5593"
"2019-11-01T21:00:00.000Z","15.035765379113018","12.963872832369942","13.94632768361582","29.0172"
"2019-11-01T22:00:00.000Z","23.883018867924527","21.418635170603675","23.017971758664956","32.4841"
"2019-11-01T23:00:00.000Z","21","18.584883720930232","19.829157175398635","25.519"
"2019-11-02T00:00:00.000Z","33.55157437567861","30.361207897793264","32.237825594563986","25.5594"
"2019-11-02T01:00:00.000Z","38.82672706681767","36.14494382022472","37.567873303167424","24.4043"
"2019-11-02T02:00:00.000Z","41.7020757020757","37.6396292004635","39.71753986332574","30.1993"
"2019-11-02T03:00:00.000Z","37.30700778642937","33.41237113402062","34.63217097862767","24.4047"
"2019-11-02T04:00:00.000Z","38.35815991237678","34.87585421412301","36.467941507311586","27.8978"
"2019-11-02T05:00:00.000Z","43.092849519743865","39.508495145631066","41.36199095022624","27.8973"
"2019-11-02T06:00:00.000Z","45.130151843817785","40.89358108108108","42.65245901639344","25.5267"
"2019-11-02T07:00:00.000Z","40.96871628910464","37.255972696245735","38.96666666666667","34.7903"
"2019-11-02T08:00:00.000Z","40.53963083604778","37.46292947558771","38.35220838052095","26.7508"
"2019-11-02T09:00:00.000Z","39.23268398268398","34.91410048622366","36.83610188261351","30.4083"
"2019-11-02T10:00:00.000Z","37.35730858468678","34.330128205128204","35.836549375709424","23.5734"
"2019-11-02T11:00:00.000Z","50.324418604651164","47.7588785046729","47.97258641239571","8.32411"
"2019-11-02T12:00:00.000Z","35.210144927536234","32.58030303030303","32.89389920424403","16.7982"
"2019-11-02T13:00:00.000Z","35.83647798742138","32.79145077720207","33.475935828877006","18.042"
"2019-11-02T14:00:00.000Z","29.38101265822785","26.490322580645163","27.246979865771813","10.8033"
"2019-11-02T15:00:00.000Z","12.330456226880395","11.27838827838828","11.316069057104913","6.01364"
"2019-11-02T16:00:00.000Z","15.695443645083932","14.147668393782384","14.52752880921895","9.58048"
"2019-11-02T17:00:00.000Z","14.430555555555555","13.15365551425031","13.744094488188976","8.31452"
"2019-11-02T18:00:00.000Z","9.952319587628866","8.906291834002678","9.341095890410958","5.92167"
"2019-11-02T19:00:00.000Z","7.066753926701571","6.308437067773167","6.636729222520107","34.1903"
"2019-11-02T20:00:00.000Z","4.522407170294494","3.9422283356258596","4.051630434782608","9.40631"
"2019-11-02T21:00:00.000Z","6.111675126903553","5.571815718157182","5.626168224299065","3.52187"
"2019-11-02T22:00:00.000Z","5.994061757719715","5.35250917992656","5.583333333333333","10.5528"
"2019-11-02T23:00:00.000Z","7.588495575221239","6.951327433628318","6.915776986951364","10.5459"
"2019-11-03T00:00:00.000Z","8.037470725995316","7.099531615925058","7.34625","14.0307"
"2019-11-03T01:00:00.000Z","7.228327228327228","6.485365853658537","6.631647211413749","14.044"
"2019-11-03T02:00:00.000Z","10.267073170731708","9.540574282147317","9.46173469387755","10.534"
"2019-11-03T03:00:00.000Z","11.305896805896806","10.251824817518248","10.34788189987163","10.5326"
"2019-11-03T04:00:00.000Z","15.366028708133971","14.188442211055277","14.251889168765743","9.36782"
"2019-11-03T05:00:00.000Z","16.389021479713605","14.781862745098039","15.173856209150326","14.0385"
"2019-11-03T06:00:00.000Z","17.233211233211232","15.867167919799499","15.769134253450439","8.18425"
"2019-11-03T07:00:00.000Z","17.619565217391305","15.922789539227896","15.981958762886597","14.0231"
"2019-11-03T08:00:00.000Z","15.456226880394574","13.982543640897756","14.335820895522389","15.2061"
"2019-11-03T09:00:00.000Z","18.308913308913308","16.554187192118228","16.90644753476612","11.7183"
"2019-11-03T10:00:00.000Z","17.22007255139057","16.051637279596978","16.065552699228792","11.7957"
"2019-11-03T11:00:00.000Z","17.119914346895076","15.32739420935412","15.611238532110091","9.49512"
"2019-11-03T12:00:00.000Z","19.88197424892704","18.38197424892704","18.261878453038673","11.9518"
"2019-11-03T13:00:00.000Z","15.948351648351649","14.340354767184035","14.40047393364929","14.4183"
"2019-11-03T14:00:00.000Z","16.5909592061742","15.186263096623982","15.307604994324631","10.8573"
"2019-11-03T15:00:00.000Z","11.780278670953912","10.62719298245614","10.621281464530892","27.1734"
"2019-11-03T16:00:00.000Z","11.476404494382022","10.334098737083812","10.575898030127462","3.50012"
"2019-11-03T17:00:00.000Z","12.084324324324324","10.818284424379232","11.075382803297998","11.6865"
"2019-11-03T18:00:00.000Z","7.6496746203904555","7.006607929515418","7.470124013528749","18.7237"
"2019-11-03T19:00:00.000Z","10.038548752834467","8.94488188976378","9.553374233128835","29.1999"
"2019-11-03T20:00:00.000Z","10.644768856447689","9.759326113116726","10.393939393939394","30.3676"
"2019-11-03T21:00:00.000Z","14.694444444444445","13.529411764705882","14.297509829619921","31.4577"
"2019-11-03T22:00:00.000Z","24.825699745547073","22.31","23.26205997392438","26.8126"
"2019-11-03T23:00:00.000Z","35.14358974358974","32.34465408805031","33.470039946737685","8.15967"
"2019-11-04T00:00:00.000Z","37.22069825436409","33.896168108776266","35.54568854568855","9.32417"
"2019-11-04T01:00:00.000Z","35.600512163892446","32.560050568900124","33.69670050761421","15.154"
"2019-11-04T02:00:00.000Z","37.08747044917258","33.712574850299404","35.34596577017115","10.5032"
"2019-11-04T03:00:00.000Z","7.618357487922705","7.19620253164557","7.28125","6.9962"
"2019-11-04T04:00:00.000Z","11.12139423076923","10.229166666666666","10.101412066752246","11.6558"
"2019-11-04T05:00:00.000Z","18.922518159806295","16.697674418604652","17.63454317897372","11.6573"
"2019-11-04T06:00:00.000Z","10.028048780487804","8.922137404580152","9.181353767560664","10.4687"
"2019-11-04T07:00:00.000Z","11.721120186697783","10.493991989319092","10.92938209331652","10.4695"
"2019-11-04T08:00:00.000Z","14.210650887573964","12.781382228490832","13.45691906005222","38.4961"
"2019-11-04T09:00:00.000Z","16.63720930232558","14.908831908831909","15.878172588832488","11.7416"
"2019-11-04T10:00:00.000Z","13.195550351288055","11.943134535367545","12.168187744458931","9.47251"
"2019-11-04T11:00:00.000Z","13.636842105263158","12.480705622932746","13.038901601830664","9.55317"
"2019-11-04T12:00:00.000Z","16.025531914893616","14.40388768898488","15.106981981981981","13.2211"
"2019-11-04T13:00:00.000Z","13.68776371308017","12.577523413111342","12.895622895622896","7.25113"
"2019-11-04T14:00:00.000Z","11.569296375266525","10.576923076923077","10.73932584269663","10.9066"
"2019-11-04T15:00:00.000Z","8.526143790849673","7.48762109795479","7.864864864864865","9.69321"
"2019-11-04T16:00:00.000Z","11.529346622369879","10.408543263964951","10.58950969213227","10.793"
"2019-11-04T17:00:00.000Z","7.374862183020948","6.679802955665025","6.863953488372093","15.5718"
"2019-11-04T18:00:00.000Z","7.154852780806979","6.854077253218884","7.033898305084746","13.1259"
"2019-11-04T19:00:00.000Z","5.991120976692564","5.26556991774383","5.434435575826682","13.0613"
"2019-11-04T20:00:00.000Z","7.806451612903226","6.859016393442623","7.236175115207374","11.8152"
"2019-11-04T21:00:00.000Z","9.706510138740661","8.599571734475374","8.896045197740113","8.24799"
"2019-11-04T22:00:00.000Z","8.292391304347825","7.246681415929204","7.505800464037123","9.40908"
"2019-11-04T23:00:00.000Z","9.27728285077951","8.504338394793926","8.429069767441861","12.9252"
"2019-11-05T00:00:00.000Z","10.85085574572127","9.880448318804483","10.214929214929215","7.04148"
"2019-11-05T01:00:00.000Z","13.34866828087167","11.872635561160152","12.335492227979275","11.7369"
"2019-11-05T02:00:00.000Z","14.05672009864365","12.82897384305835","13.408796895213454","9.39401"
"2019-11-05T03:00:00.000Z","13.889555822328932","12.817204301075268","13.05359477124183","10.5605"
"2019-11-05T04:00:00.000Z","14.471598414795244","13.050062578222779","13.25032765399738","9.37469"
"2019-11-05T05:00:00.000Z","15.117647058823529","13.641809290953546","14.029224904701397","10.5423"
"2019-11-05T06:00:00.000Z","17.78451612903226","16.242574257425744","16.792503346720213","14.0273"
"2019-11-05T07:00:00.000Z","18.613550815558344","16.972188633615477","17.486692015209126","19.8674"
"2019-11-05T08:00:00.000Z","16.415343915343914","15.248737373737374","15.459533607681756","16.36"
"2019-11-05T09:00:00.000Z","16.005434782608695","14.415519399249062","15.231824417009602","18.736"
"2019-11-05T10:00:00.000Z","24.589580686149937","22.18900804289544","23.25340599455041","18.806"
"2019-11-05T11:00:00.000Z","26.43320363164721","24.55079559363525","24.993694829760404","4.74261"
"2019-11-05T12:00:00.000Z","21.137161084529506","19.482456140350877","20.262368815592204","-9999"
"2019-11-05T13:00:00.000Z","16.0835734870317","14.98956780923994","15.457184325108853",
"2019-11-05T14:00:00.000Z","13.357232704402517","12.220149253731343","12.69875",
"2019-11-05T15:00:00.000Z","8.104287369640788","7.360381861575179","7.569377990430622",
"2019-11-05T16:00:00.000Z","5.8137472283813745","5.19365798414496","5.312710911136108",
"2019-11-05T17:00:00.000Z","6.6","5.84516129032258","6.321167883211679",